event_id,event_chain_id,ts_code,event_type,direction,window,car_market_adjusted
C-AN202012311445696507,8db8d3b0a1db26,600038.SH,project_investment,positive,"[-1,1]",0.03148668899141998
C-AN202012311445696507,8db8d3b0a1db26,600038.SH,project_investment,positive,"[-3,3]",0.07469067846395538
C-AN202012311445696507,8db8d3b0a1db26,600038.SH,project_investment,positive,"[0,5]",-0.04027709519148741
C-AN202012311445696507,8db8d3b0a1db26,600038.SH,project_investment,positive,"[0,10]",-0.0887820419567473
C-AN202101041446940189,f1d550a7d87305,000099.SZ,project_investment,positive,"[-1,1]",-0.13457978294691242
C-AN202101041446940189,f1d550a7d87305,000099.SZ,project_investment,positive,"[-3,3]",-0.1727252928231302
C-AN202101041446940189,f1d550a7d87305,000099.SZ,project_investment,positive,"[0,5]",-0.12591616970341243
C-AN202101041446940189,f1d550a7d87305,000099.SZ,project_investment,positive,"[0,10]",-0.11207576153381199
C-AN202101121449994977,3e2aedad8c52f2,002085.SZ,project_investment,positive,"[-1,1]",-0.005331856966725041
C-AN202101121449994977,3e2aedad8c52f2,002085.SZ,project_investment,positive,"[-3,3]",-0.0601114418660253
C-AN202101121449994977,3e2aedad8c52f2,002085.SZ,project_investment,positive,"[0,5]",-0.03909616122705495
C-AN202101121449994977,3e2aedad8c52f2,002085.SZ,project_investment,positive,"[0,10]",-0.10181084676753008
C-AN202101131450177702,9e94fead611dea,002389.SZ,project_investment,positive,"[-1,1]",-0.08491054079579079
C-AN202101131450177702,9e94fead611dea,002389.SZ,project_investment,positive,"[-3,3]",-0.1390373658661403
C-AN202101131450177702,9e94fead611dea,002389.SZ,project_investment,positive,"[0,5]",-0.06502729674310381
C-AN202101131450177702,9e94fead611dea,002389.SZ,project_investment,positive,"[0,10]",-0.1750124984446473
C-AN202103241475601933,064d07c8c3e73d,000099.SZ,project_investment,positive,"[-1,1]",-0.0237898066200315
C-AN202103241475601933,064d07c8c3e73d,000099.SZ,project_investment,positive,"[-3,3]",0.038780697560618416
C-AN202103241475601933,064d07c8c3e73d,000099.SZ,project_investment,positive,"[0,5]",-0.002455463158421309
C-AN202103241475601933,064d07c8c3e73d,000099.SZ,project_investment,positive,"[0,10]",0.016174757647695184
C-AN202103281477711035,eb3dcc1931c70b,002389.SZ,project_investment,positive,"[-1,1]",0.012486485478400783
C-AN202103281477711035,eb3dcc1931c70b,002389.SZ,project_investment,positive,"[-3,3]",0.0008137488368657065
C-AN202103281477711035,eb3dcc1931c70b,002389.SZ,project_investment,positive,"[0,5]",-0.026902982403238643
C-AN202103281477711035,eb3dcc1931c70b,002389.SZ,project_investment,positive,"[0,10]",-0.04506086903007185
C-AN202103311479250543,b2fe02c8a76197,000099.SZ,project_investment,positive,"[-1,1]",-0.027303421469168726
C-AN202103311479250543,b2fe02c8a76197,000099.SZ,project_investment,positive,"[-3,3]",0.009390792559686906
C-AN202103311479250543,b2fe02c8a76197,000099.SZ,project_investment,positive,"[0,5]",-0.00675442752638648
C-AN202103311479250543,b2fe02c8a76197,000099.SZ,project_investment,positive,"[0,10]",0.004858367833873105
C-AN202103311479337199,8898895ecd418f,688070.SH,legal_safety_risk,negative,"[-1,1]",-0.07535667416403044
C-AN202103311479337199,8898895ecd418f,688070.SH,legal_safety_risk,negative,"[-3,3]",-0.051047416688802624
C-AN202103311479337199,8898895ecd418f,688070.SH,legal_safety_risk,negative,"[0,5]",-0.012914202541122115
C-AN202103311479337199,8898895ecd418f,688070.SH,legal_safety_risk,negative,"[0,10]",0.013409877716599235
C-AN202104191486430875,cd3d6b534cc0c9,000099.SZ,strategic_cooperation,positive,"[-1,1]",-0.006624742254817814
C-AN202104191486430875,cd3d6b534cc0c9,000099.SZ,strategic_cooperation,positive,"[-3,3]",-0.04942983958372611
C-AN202104191486430875,cd3d6b534cc0c9,000099.SZ,strategic_cooperation,positive,"[0,5]",-0.09479350398068953
C-AN202104191486430875,cd3d6b534cc0c9,000099.SZ,strategic_cooperation,positive,"[0,10]",-0.05548543294780334
C-AN202104221487054084,b2fe02c8a76197,000099.SZ,project_investment,positive,"[-1,1]",-0.08644402572227308
C-AN202104221487054084,b2fe02c8a76197,000099.SZ,project_investment,positive,"[-3,3]",-0.10696405451473372
C-AN202104221487054084,b2fe02c8a76197,000099.SZ,project_investment,positive,"[0,5]",-0.03400908870092963
C-AN202104221487054084,b2fe02c8a76197,000099.SZ,project_investment,positive,"[0,10]",-0.025511849811047673
C-AN202106071496532496,8898895ecd418f,688070.SH,legal_safety_risk,negative,"[-1,1]",-0.012770920357597061
C-AN202106071496532496,8898895ecd418f,688070.SH,legal_safety_risk,negative,"[-3,3]",0.07643327703325886
C-AN202106071496532496,8898895ecd418f,688070.SH,legal_safety_risk,negative,"[0,5]",0.08203358241225141
C-AN202106071496532496,8898895ecd418f,688070.SH,legal_safety_risk,negative,"[0,10]",0.12242246911554822
C-AN202106171498393365,5d48ec3c84c2bc,002389.SZ,project_investment,positive,"[-1,1]",0.065306684717125
C-AN202106171498393365,5d48ec3c84c2bc,002389.SZ,project_investment,positive,"[-3,3]",0.1118893386888317
C-AN202106171498393365,5d48ec3c84c2bc,002389.SZ,project_investment,positive,"[0,5]",-0.03334380924322016
C-AN202106171498393365,5d48ec3c84c2bc,002389.SZ,project_investment,positive,"[0,10]",-0.0992484319674011
C-AN202106161498304882,de931673d8cb4f,688070.SH,strategic_cooperation,positive,"[-1,1]",0.1684082144151961
C-AN202106161498304882,de931673d8cb4f,688070.SH,strategic_cooperation,positive,"[-3,3]",0.1784518907690196
C-AN202106161498304882,de931673d8cb4f,688070.SH,strategic_cooperation,positive,"[0,5]",0.047372010771847134
C-AN202106161498304882,de931673d8cb4f,688070.SH,strategic_cooperation,positive,"[0,10]",-0.011074478117518181
C-AN202106211499138833,b99d44e10e8d01,002085.SZ,project_investment,positive,"[-1,1]",0.02575895193015705
C-AN202106211499138833,b99d44e10e8d01,002085.SZ,project_investment,positive,"[-3,3]",-0.025130712229599242
C-AN202106211499138833,b99d44e10e8d01,002085.SZ,project_investment,positive,"[0,5]",-0.07114865464096182
C-AN202106211499138833,b99d44e10e8d01,002085.SZ,project_investment,positive,"[0,10]",-0.06696090739586748
C-AN202106301500933872,c694e443cec4d9,000099.SZ,project_investment,positive,"[-1,1]",0.01892600460676376
C-AN202106301500933872,c694e443cec4d9,000099.SZ,project_investment,positive,"[-3,3]",0.003896566013045456
C-AN202106301500933872,c694e443cec4d9,000099.SZ,project_investment,positive,"[0,5]",0.05839344292871747
C-AN202106301500933872,c694e443cec4d9,000099.SZ,project_investment,positive,"[0,10]",0.07726068176075927
C-AN202107211505194036,a7ed070fd59752,000099.SZ,government_support,positive,"[-1,1]",0.06777256194233852
C-AN202107211505194036,a7ed070fd59752,000099.SZ,government_support,positive,"[-3,3]",0.054147391547931134
C-AN202107211505194036,a7ed070fd59752,000099.SZ,government_support,positive,"[0,5]",0.027459591593348466
C-AN202107211505194036,a7ed070fd59752,000099.SZ,government_support,positive,"[0,10]",0.03157411656792959
C-AN202107221505426882,3d38628d8b9e98,002389.SZ,strategic_cooperation,positive,"[-1,1]",0.08007723989101176
C-AN202107221505426882,3d38628d8b9e98,002389.SZ,strategic_cooperation,positive,"[-3,3]",-0.008374328021284027
C-AN202107221505426882,3d38628d8b9e98,002389.SZ,strategic_cooperation,positive,"[0,5]",0.04665814199117297
C-AN202107221505426882,3d38628d8b9e98,002389.SZ,strategic_cooperation,positive,"[0,10]",0.18083531515782464
C-AN202108201511232306,fcd90127487f82,600038.SH,market_risk,negative,"[-1,1]",0.0016713218854512366
C-AN202108201511232306,fcd90127487f82,600038.SH,market_risk,negative,"[-3,3]",0.2182564996651537
C-AN202108201511232306,fcd90127487f82,600038.SH,market_risk,negative,"[0,5]",-0.07342385176686347
C-AN202108201511232306,fcd90127487f82,600038.SH,market_risk,negative,"[0,10]",-0.18671764466531482
C-AN202109061514610603,cb97e147c8c9b8,002389.SZ,project_investment,positive,"[-1,1]",-0.002432586222404446
C-AN202109061514610603,cb97e147c8c9b8,002389.SZ,project_investment,positive,"[-3,3]",-0.055395920563696105
C-AN202109061514610603,cb97e147c8c9b8,002389.SZ,project_investment,positive,"[0,5]",-0.06723755010600771
C-AN202109061514610603,cb97e147c8c9b8,002389.SZ,project_investment,positive,"[0,10]",-0.07313598045967407
C-AN202201031538304399,d06ec40aeb8290,000801.SZ,project_investment,positive,"[-1,1]",-0.0008659700330607943
C-AN202201031538304399,d06ec40aeb8290,000801.SZ,project_investment,positive,"[-3,3]",0.003456854541639575
C-AN202201031538304399,d06ec40aeb8290,000801.SZ,project_investment,positive,"[0,5]",-0.024383856540952847
C-AN202201031538304399,d06ec40aeb8290,000801.SZ,project_investment,positive,"[0,10]",-0.03367412315046991
C-AN202201051538613576,a7ed070fd59752,000099.SZ,government_support,positive,"[-1,1]",-0.019479752785229613
C-AN202201051538613576,a7ed070fd59752,000099.SZ,government_support,positive,"[-3,3]",-0.0005853930596968976
C-AN202201051538613576,a7ed070fd59752,000099.SZ,government_support,positive,"[0,5]",-0.04449125771969423
C-AN202201051538613576,a7ed070fd59752,000099.SZ,government_support,positive,"[0,10]",-0.10861784408097572
C-AN202202231548709008,268086a225892a,600038.SH,project_investment,positive,"[-1,1]",0.032026755926612936
C-AN202202231548709008,268086a225892a,600038.SH,project_investment,positive,"[-3,3]",0.0729037186928126
C-AN202202231548709008,268086a225892a,600038.SH,project_investment,positive,"[0,5]",-0.029570620916536547
C-AN202202231548709008,268086a225892a,600038.SH,project_investment,positive,"[0,10]",-0.05736595822184473
C-AN202202281549725953,0515841eeb8b26,600038.SH,project_investment,positive,"[-1,1]",-0.01689789432748353
C-AN202202281549725953,0515841eeb8b26,600038.SH,project_investment,positive,"[-3,3]",-0.020636954020101406
C-AN202202281549725953,0515841eeb8b26,600038.SH,project_investment,positive,"[0,5]",-0.075740367143609
C-AN202202281549725953,0515841eeb8b26,600038.SH,project_investment,positive,"[0,10]",-0.07591464490402904
C-AN202203141552614058,3aa90034c6dd24,002389.SZ,project_investment,positive,"[-1,1]",-0.035395296392011326
C-AN202203141552614058,3aa90034c6dd24,002389.SZ,project_investment,positive,"[-3,3]",0.019512407537193126
C-AN202203141552614058,3aa90034c6dd24,002389.SZ,project_investment,positive,"[0,5]",0.009115001140228892
C-AN202203141552614058,3aa90034c6dd24,002389.SZ,project_investment,positive,"[0,10]",-0.03979560140795432
C-AN202204061557651847,e18aa1bf5a5be2,002389.SZ,order_contract,positive,"[-1,1]",-0.06482491005017776
C-AN202204061557651847,e18aa1bf5a5be2,002389.SZ,order_contract,positive,"[-3,3]",-0.1282848141109333
C-AN202204061557651847,e18aa1bf5a5be2,002389.SZ,order_contract,positive,"[0,5]",-0.09655074771420544
C-AN202204061557651847,e18aa1bf5a5be2,002389.SZ,order_contract,positive,"[0,10]",-0.14033046992507114
C-AN202204131559040871,be87eaf7a269af,002085.SZ,project_investment,positive,"[-1,1]",0.02148515683686989
C-AN202204131559040871,be87eaf7a269af,002085.SZ,project_investment,positive,"[-3,3]",0.050539262321339234
C-AN202204131559040871,be87eaf7a269af,002085.SZ,project_investment,positive,"[0,5]",-0.014518719018464108
C-AN202204131559040871,be87eaf7a269af,002085.SZ,project_investment,positive,"[0,10]",-0.03562716578228031
C-AN202204251561508387,e3e46bfe326023,002085.SZ,project_investment,positive,"[-1,1]",-0.0495576086792954
C-AN202204251561508387,e3e46bfe326023,002085.SZ,project_investment,positive,"[-3,3]",0.076032470943956
C-AN202204251561508387,e3e46bfe326023,002085.SZ,project_investment,positive,"[0,5]",0.3151288488531612
C-AN202204251561508387,e3e46bfe326023,002085.SZ,project_investment,positive,"[0,10]",0.34893849091047446
C-AN202212231581330864,5c491c1c25abeb,600038.SH,project_investment,positive,"[-1,1]",-0.049029206454813096
C-AN202212231581330864,5c491c1c25abeb,600038.SH,project_investment,positive,"[-3,3]",-0.07365777902310211
C-AN202212231581330864,5c491c1c25abeb,600038.SH,project_investment,positive,"[0,5]",-0.05691871978832159
C-AN202212231581330864,5c491c1c25abeb,600038.SH,project_investment,positive,"[0,10]",0.005935701857764042
C-AN202212301581531280,a69701c577b365,600038.SH,project_investment,positive,"[-1,1]",-0.049029206454813096
C-AN202212301581531280,a69701c577b365,600038.SH,project_investment,positive,"[-3,3]",-0.07365777902310211
C-AN202212301581531280,a69701c577b365,600038.SH,project_investment,positive,"[0,5]",-0.05691871978832159
C-AN202212301581531280,a69701c577b365,600038.SH,project_investment,positive,"[0,10]",0.005935701857764042
C-AN202301021581629275,81e9778a64f80f,002389.SZ,order_contract,positive,"[-1,1]",-0.0011186286074178313
C-AN202301021581629275,81e9778a64f80f,002389.SZ,order_contract,positive,"[-3,3]",-0.029753453170360274
C-AN202301021581629275,81e9778a64f80f,002389.SZ,order_contract,positive,"[0,5]",-0.09572136218115379
C-AN202301021581629275,81e9778a64f80f,002389.SZ,order_contract,positive,"[0,10]",-0.07443665782972184
C-AN202301061581766041,46c34b611368e6,600038.SH,project_investment,positive,"[-1,1]",-0.049029206454813096
C-AN202301061581766041,46c34b611368e6,600038.SH,project_investment,positive,"[-3,3]",-0.07365777902310211
C-AN202301061581766041,46c34b611368e6,600038.SH,project_investment,positive,"[0,5]",-0.05691871978832159
C-AN202301061581766041,46c34b611368e6,600038.SH,project_investment,positive,"[0,10]",0.005935701857764042
C-AN202301091581821407,7dc7155dc0a589,600038.SH,project_investment,positive,"[-1,1]",-0.06465139952179387
C-AN202301091581821407,7dc7155dc0a589,600038.SH,project_investment,positive,"[-3,3]",-0.05738435357636014
C-AN202301091581821407,7dc7155dc0a589,600038.SH,project_investment,positive,"[0,5]",-0.04319375286403376
C-AN202301091581821407,7dc7155dc0a589,600038.SH,project_investment,positive,"[0,10]",0.008179253675463252
C-AN202301091581821417,4cdd7f8ce9f8a6,600038.SH,project_investment,positive,"[-1,1]",-0.06465139952179387
C-AN202301091581821417,4cdd7f8ce9f8a6,600038.SH,project_investment,positive,"[-3,3]",-0.05738435357636014
C-AN202301091581821417,4cdd7f8ce9f8a6,600038.SH,project_investment,positive,"[0,5]",-0.04319375286403376
C-AN202301091581821417,4cdd7f8ce9f8a6,600038.SH,project_investment,positive,"[0,10]",0.008179253675463252
C-AN202301091581821412,31766a68d1621b,600038.SH,project_investment,positive,"[-1,1]",-0.06465139952179387
C-AN202301091581821412,31766a68d1621b,600038.SH,project_investment,positive,"[-3,3]",-0.05738435357636014
C-AN202301091581821412,31766a68d1621b,600038.SH,project_investment,positive,"[0,5]",-0.04319375286403376
C-AN202301091581821412,31766a68d1621b,600038.SH,project_investment,positive,"[0,10]",0.008179253675463252
C-AN202301091581821419,729a6aa52af0d2,600038.SH,project_investment,positive,"[-1,1]",-0.06465139952179387
C-AN202301091581821419,729a6aa52af0d2,600038.SH,project_investment,positive,"[-3,3]",-0.05738435357636014
C-AN202301091581821419,729a6aa52af0d2,600038.SH,project_investment,positive,"[0,5]",-0.04319375286403376
C-AN202301091581821419,729a6aa52af0d2,600038.SH,project_investment,positive,"[0,10]",0.008179253675463252
C-AN202301091581821404,f40cc43b461a28,600038.SH,project_investment,positive,"[-1,1]",-0.06465139952179387
C-AN202301091581821404,f40cc43b461a28,600038.SH,project_investment,positive,"[-3,3]",-0.05738435357636014
C-AN202301091581821404,f40cc43b461a28,600038.SH,project_investment,positive,"[0,5]",-0.04319375286403376
C-AN202301091581821404,f40cc43b461a28,600038.SH,project_investment,positive,"[0,10]",0.008179253675463252
C-AN202301091581821420,5d5300f95d3cd9,600038.SH,project_investment,positive,"[-1,1]",-0.06465139952179387
C-AN202301091581821420,5d5300f95d3cd9,600038.SH,project_investment,positive,"[-3,3]",-0.05738435357636014
C-AN202301091581821420,5d5300f95d3cd9,600038.SH,project_investment,positive,"[0,5]",-0.04319375286403376
C-AN202301091581821420,5d5300f95d3cd9,600038.SH,project_investment,positive,"[0,10]",0.008179253675463252
C-AN202301091581821421,7419477cc1e9cb,600038.SH,project_investment,positive,"[-1,1]",-0.06465139952179387
C-AN202301091581821421,7419477cc1e9cb,600038.SH,project_investment,positive,"[-3,3]",-0.05738435357636014
C-AN202301091581821421,7419477cc1e9cb,600038.SH,project_investment,positive,"[0,5]",-0.04319375286403376
C-AN202301091581821421,7419477cc1e9cb,600038.SH,project_investment,positive,"[0,10]",0.008179253675463252
C-AN202301091581821401,6238fb3c3edc84,600038.SH,project_investment,positive,"[-1,1]",-0.06465139952179387
C-AN202301091581821401,6238fb3c3edc84,600038.SH,project_investment,positive,"[-3,3]",-0.05738435357636014
C-AN202301091581821401,6238fb3c3edc84,600038.SH,project_investment,positive,"[0,5]",-0.04319375286403376
C-AN202301091581821401,6238fb3c3edc84,600038.SH,project_investment,positive,"[0,10]",0.008179253675463252
C-AN202301091581821418,007dc124a895f4,600038.SH,project_investment,positive,"[-1,1]",-0.06465139952179387
C-AN202301091581821418,007dc124a895f4,600038.SH,project_investment,positive,"[-3,3]",-0.05738435357636014
C-AN202301091581821418,007dc124a895f4,600038.SH,project_investment,positive,"[0,5]",-0.04319375286403376
C-AN202301091581821418,007dc124a895f4,600038.SH,project_investment,positive,"[0,10]",0.008179253675463252
C-AN202301131581971819,a5835219a6abf6,688297.SH,performance,mixed,"[-1,1]",0.0015585999312571
C-AN202301131581971819,a5835219a6abf6,688297.SH,performance,mixed,"[-3,3]",0.015118699745514766
C-AN202301131581971819,a5835219a6abf6,688297.SH,performance,mixed,"[0,5]",0.05603210321502581
C-AN202301131581971819,a5835219a6abf6,688297.SH,performance,mixed,"[0,10]",0.08599811461650748
C-AN202302071582851573,a7ed070fd59752,000099.SZ,government_support,positive,"[-1,1]",0.006631415019863592
C-AN202302071582851573,a7ed070fd59752,000099.SZ,government_support,positive,"[-3,3]",0.016841128800674857
C-AN202302071582851573,a7ed070fd59752,000099.SZ,government_support,positive,"[0,5]",-0.0013293734987863508
C-AN202302071582851573,a7ed070fd59752,000099.SZ,government_support,positive,"[0,10]",0.02182822463681395
C-AN202302081582895316,6a4e136ce98fca,600038.SH,project_investment,positive,"[-1,1]",-3.7891890642910084e-05
C-AN202302081582895316,6a4e136ce98fca,600038.SH,project_investment,positive,"[-3,3]",-0.02154778092370377
C-AN202302081582895316,6a4e136ce98fca,600038.SH,project_investment,positive,"[0,5]",-0.02358236382022727
C-AN202302081582895316,6a4e136ce98fca,600038.SH,project_investment,positive,"[0,10]",-0.005059520265626567
C-AN202303091584155674,6a4e136ce98fca,600038.SH,project_investment,positive,"[-1,1]",0.009969114123670112
C-AN202303091584155674,6a4e136ce98fca,600038.SH,project_investment,positive,"[-3,3]",-0.0007654073833459792
C-AN202303091584155674,6a4e136ce98fca,600038.SH,project_investment,positive,"[0,5]",-0.030764163843778156
C-AN202303091584155674,6a4e136ce98fca,600038.SH,project_investment,positive,"[0,10]",-0.04516320134635597
C-AN202304071585223869,6a4e136ce98fca,600038.SH,project_investment,positive,"[-1,1]",0.003457905386571776
C-AN202304071585223869,6a4e136ce98fca,600038.SH,project_investment,positive,"[-3,3]",-0.002630260215982585
C-AN202304071585223869,6a4e136ce98fca,600038.SH,project_investment,positive,"[0,5]",-0.015888518614151134
C-AN202304071585223869,6a4e136ce98fca,600038.SH,project_investment,positive,"[0,10]",-0.004437126329966656
C-AN202304131585425626,eb64fb6a73cef4,600038.SH,project_investment,positive,"[-1,1]",-0.012132296006199398
C-AN202304131585425626,eb64fb6a73cef4,600038.SH,project_investment,positive,"[-3,3]",-0.02255223876611553
C-AN202304131585425626,eb64fb6a73cef4,600038.SH,project_investment,positive,"[0,5]",0.0012852603186681282
C-AN202304131585425626,eb64fb6a73cef4,600038.SH,project_investment,positive,"[0,10]",0.01011531411478713
C-AN202304271585951470,e013a826915c97,688070.SH,project_investment,positive,"[-1,1]",0.03819581863531469
C-AN202304271585951470,e013a826915c97,688070.SH,project_investment,positive,"[-3,3]",0.020895903827846285
C-AN202304271585951470,e013a826915c97,688070.SH,project_investment,positive,"[0,5]",-0.03219965365649577
C-AN202304271585951470,e013a826915c97,688070.SH,project_investment,positive,"[0,10]",0.038176427209461385
C-AN202304271585951469,7e22f4a023a120,688070.SH,project_investment,positive,"[-1,1]",0.03819581863531469
C-AN202304271585951469,7e22f4a023a120,688070.SH,project_investment,positive,"[-3,3]",0.020895903827846285
C-AN202304271585951469,7e22f4a023a120,688070.SH,project_investment,positive,"[0,5]",-0.03219965365649577
C-AN202304271585951469,7e22f4a023a120,688070.SH,project_investment,positive,"[0,10]",0.038176427209461385
C-AN202305081586379930,6a4e136ce98fca,600038.SH,project_investment,positive,"[-1,1]",-0.005676734337095084
C-AN202305081586379930,6a4e136ce98fca,600038.SH,project_investment,positive,"[-3,3]",-0.012451525774751329
C-AN202305081586379930,6a4e136ce98fca,600038.SH,project_investment,positive,"[0,5]",-0.0178519244821527
C-AN202305081586379930,6a4e136ce98fca,600038.SH,project_investment,positive,"[0,10]",-0.04979114218300565
C-AN202306011587464512,516e4ec8912886,688070.SH,product_technology,positive,"[-1,1]",-0.06388016189074443
C-AN202306011587464512,516e4ec8912886,688070.SH,product_technology,positive,"[-3,3]",-0.029866722608446652
C-AN202306011587464512,516e4ec8912886,688070.SH,product_technology,positive,"[0,5]",-0.05981302533202755
C-AN202306011587464512,516e4ec8912886,688070.SH,product_technology,positive,"[0,10]",-0.08609761306599598
C-AN202306081590582489,6a4e136ce98fca,600038.SH,project_investment,positive,"[-1,1]",-0.007367320860345226
C-AN202306081590582489,6a4e136ce98fca,600038.SH,project_investment,positive,"[-3,3]",-0.015727874010337616
C-AN202306081590582489,6a4e136ce98fca,600038.SH,project_investment,positive,"[0,5]",-0.02695718728180567
C-AN202306081590582489,6a4e136ce98fca,600038.SH,project_investment,positive,"[0,10]",0.008956373425183663
C-AN202307071592097503,6a4e136ce98fca,600038.SH,project_investment,positive,"[-1,1]",0.018724189831379974
C-AN202307071592097503,6a4e136ce98fca,600038.SH,project_investment,positive,"[-3,3]",0.0005125697356491848
C-AN202307071592097503,6a4e136ce98fca,600038.SH,project_investment,positive,"[0,5]",0.016770166528682733
C-AN202307071592097503,6a4e136ce98fca,600038.SH,project_investment,positive,"[0,10]",0.035401810327219715
C-AN202307181592392768,49d904aaf8ee70,600038.SH,project_investment,positive,"[-1,1]",0.01594063985737279
C-AN202307181592392768,49d904aaf8ee70,600038.SH,project_investment,positive,"[-3,3]",0.0037147512594867295
C-AN202307181592392768,49d904aaf8ee70,600038.SH,project_investment,positive,"[0,5]",-0.03028210451111221
C-AN202307181592392768,49d904aaf8ee70,600038.SH,project_investment,positive,"[0,10]",-0.08532819130824044
C-AN202307181592392771,1e2f694b896840,600038.SH,project_investment,positive,"[-1,1]",0.01594063985737279
C-AN202307181592392771,1e2f694b896840,600038.SH,project_investment,positive,"[-3,3]",0.0037147512594867295
C-AN202307181592392771,1e2f694b896840,600038.SH,project_investment,positive,"[0,5]",-0.03028210451111221
C-AN202307181592392771,1e2f694b896840,600038.SH,project_investment,positive,"[0,10]",-0.08532819130824044
C-AN202307181592392742,7deec27a16001f,600038.SH,project_investment,positive,"[-1,1]",0.01594063985737279
C-AN202307181592392742,7deec27a16001f,600038.SH,project_investment,positive,"[-3,3]",0.0037147512594867295
C-AN202307181592392742,7deec27a16001f,600038.SH,project_investment,positive,"[0,5]",-0.03028210451111221
C-AN202307181592392742,7deec27a16001f,600038.SH,project_investment,positive,"[0,10]",-0.08532819130824044
C-AN202307181592392752,9d8eed04f6eeb9,600038.SH,project_investment,positive,"[-1,1]",0.01594063985737279
C-AN202307181592392752,9d8eed04f6eeb9,600038.SH,project_investment,positive,"[-3,3]",0.0037147512594867295
C-AN202307181592392752,9d8eed04f6eeb9,600038.SH,project_investment,positive,"[0,5]",-0.03028210451111221
C-AN202307181592392752,9d8eed04f6eeb9,600038.SH,project_investment,positive,"[0,10]",-0.08532819130824044
C-AN202307181592392753,e7c517a1d73838,600038.SH,market_risk,negative,"[-1,1]",0.01594063985737279
C-AN202307181592392753,e7c517a1d73838,600038.SH,market_risk,negative,"[-3,3]",0.0037147512594867295
C-AN202307181592392753,e7c517a1d73838,600038.SH,market_risk,negative,"[0,5]",-0.03028210451111221
C-AN202307181592392753,e7c517a1d73838,600038.SH,market_risk,negative,"[0,10]",-0.08532819130824044
C-AN202308081593503549,6a4e136ce98fca,600038.SH,project_investment,positive,"[-1,1]",0.008423010174995377
C-AN202308081593503549,6a4e136ce98fca,600038.SH,project_investment,positive,"[-3,3]",0.02429022290700676
C-AN202308081593503549,6a4e136ce98fca,600038.SH,project_investment,positive,"[0,5]",0.03390996655627937
C-AN202308081593503549,6a4e136ce98fca,600038.SH,project_investment,positive,"[0,10]",0.0056112724593362084
C-AN202309201599486542,7cd0b6498267bf,600038.SH,project_investment,positive,"[-1,1]",0.011517353730828102
C-AN202309201599486542,7cd0b6498267bf,600038.SH,project_investment,positive,"[-3,3]",-0.0031374466033797692
C-AN202309201599486542,7cd0b6498267bf,600038.SH,project_investment,positive,"[0,5]",-0.010630159615115804
C-AN202309201599486542,7cd0b6498267bf,600038.SH,project_investment,positive,"[0,10]",-0.00088385553291883
C-AN202309271600020545,94c603e3e3ab24,600038.SH,order_contract,positive,"[-1,1]",0.031891198067954714
C-AN202309271600020545,94c603e3e3ab24,600038.SH,order_contract,positive,"[-3,3]",0.013258769169414309
C-AN202309271600020545,94c603e3e3ab24,600038.SH,order_contract,positive,"[0,5]",0.024214140810945563
C-AN202309271600020545,94c603e3e3ab24,600038.SH,order_contract,positive,"[0,10]",0.0033580984406061196
C-AN202312181614445909,5499b860f38098,600038.SH,project_investment,positive,"[-1,1]",-0.021970623675065727
C-AN202312181614445909,5499b860f38098,600038.SH,project_investment,positive,"[-3,3]",-0.01230602697906234
C-AN202312181614445909,5499b860f38098,600038.SH,project_investment,positive,"[0,5]",0.029919468930676263
C-AN202312181614445909,5499b860f38098,600038.SH,project_investment,positive,"[0,10]",0.010384781449967555
C-AN202312181614448731,57fd5c5392d0c1,600038.SH,project_investment,positive,"[-1,1]",-0.011791097353452011
C-AN202312181614448731,57fd5c5392d0c1,600038.SH,project_investment,positive,"[-3,3]",-0.004856296429185054
C-AN202312181614448731,57fd5c5392d0c1,600038.SH,project_investment,positive,"[0,5]",0.009362820078750611
C-AN202312181614448731,57fd5c5392d0c1,600038.SH,project_investment,positive,"[0,10]",0.008051004138709038
C-AN202312251614890857,2ceaa8fd8a1427,600038.SH,project_investment,positive,"[-1,1]",-0.0046656746305043205
C-AN202312251614890857,2ceaa8fd8a1427,600038.SH,project_investment,positive,"[-3,3]",0.005089124167376976
C-AN202312251614890857,2ceaa8fd8a1427,600038.SH,project_investment,positive,"[0,5]",-0.005333766037293428
C-AN202312251614890857,2ceaa8fd8a1427,600038.SH,project_investment,positive,"[0,10]",-0.019666815218467866
C-AN202312251614894376,9260bb6ca0f7fd,600038.SH,project_investment,positive,"[-1,1]",-0.0204547443268415
C-AN202312251614894376,9260bb6ca0f7fd,600038.SH,project_investment,positive,"[-3,3]",0.025842254252388782
C-AN202312251614894376,9260bb6ca0f7fd,600038.SH,project_investment,positive,"[0,5]",-0.021916376013700046
C-AN202312251614894376,9260bb6ca0f7fd,600038.SH,project_investment,positive,"[0,10]",-0.006336531715393556
C-AN202401041616339965,a7ed070fd59752,000099.SZ,government_support,positive,"[-1,1]",-0.0014717585273867316
C-AN202401041616339965,a7ed070fd59752,000099.SZ,government_support,positive,"[-3,3]",0.05664024643417531
C-AN202401041616339965,a7ed070fd59752,000099.SZ,government_support,positive,"[0,5]",0.08515558322056932
C-AN202401041616339965,a7ed070fd59752,000099.SZ,government_support,positive,"[0,10]",0.0027357575920729724
C-AN202402051620568507,a5835219a6abf6,688297.SH,performance,mixed,"[-1,1]",0.16517726985200473
C-AN202402051620568507,a5835219a6abf6,688297.SH,performance,mixed,"[-3,3]",0.04364827542247481
C-AN202402051620568507,a5835219a6abf6,688297.SH,performance,mixed,"[0,5]",0.04515530927007036
C-AN202402051620568507,a5835219a6abf6,688297.SH,performance,mixed,"[0,10]",0.07277617242599509
C-AN202404281631542642,4b1b2fdec4a76a,688297.SH,strategic_cooperation,positive,"[-1,1]",-0.08393487164713027
C-AN202404281631542642,4b1b2fdec4a76a,688297.SH,strategic_cooperation,positive,"[-3,3]",-0.07585012336071716
C-AN202404281631542642,4b1b2fdec4a76a,688297.SH,strategic_cooperation,positive,"[0,5]",-0.0350265728499566
C-AN202404281631542642,4b1b2fdec4a76a,688297.SH,strategic_cooperation,positive,"[0,10]",-0.05696135491815955
C-AN202405281634762128,04057e4503b759,000801.SZ,project_investment,positive,"[-1,1]",-0.05426893562675102
C-AN202405281634762128,04057e4503b759,000801.SZ,project_investment,positive,"[-3,3]",-0.10596960224384716
C-AN202405281634762128,04057e4503b759,000801.SZ,project_investment,positive,"[0,5]",-0.0451916060947236
C-AN202405281634762128,04057e4503b759,000801.SZ,project_investment,positive,"[0,10]",0.007799848816486517
C-AN202407081637680506,f6a3ffab2cf594,000801.SZ,project_investment,positive,"[-1,1]",0.05086876473848478
C-AN202407081637680506,f6a3ffab2cf594,000801.SZ,project_investment,positive,"[-3,3]",0.02578096891549443
C-AN202407081637680506,f6a3ffab2cf594,000801.SZ,project_investment,positive,"[0,5]",-0.04352772267271477
C-AN202407081637680506,f6a3ffab2cf594,000801.SZ,project_investment,positive,"[0,10]",-0.07687410942035619
C-AN202410141640286073,beb52406040e54,688070.SH,legal_safety_risk,negative,"[-1,1]",0.07398974848400171
C-AN202410141640286073,beb52406040e54,688070.SH,legal_safety_risk,negative,"[-3,3]",0.08159696664834451
C-AN202410141640286073,beb52406040e54,688070.SH,legal_safety_risk,negative,"[0,5]",0.30599596919282607
C-AN202410141640286073,beb52406040e54,688070.SH,legal_safety_risk,negative,"[0,10]",0.23609197105157698
C-AN202410231640442343,d9aba74b071758,688297.SH,market_risk,negative,"[-1,1]",-0.07668987976426514
C-AN202410231640442343,d9aba74b071758,688297.SH,market_risk,negative,"[-3,3]",0.2175380877951038
C-AN202410231640442343,d9aba74b071758,688297.SH,market_risk,negative,"[0,5]",-0.11583473427613691
C-AN202410231640442343,d9aba74b071758,688297.SH,market_risk,negative,"[0,10]",-0.07433433989827834
C-AN202410231640439624,86e620a7edb222,688297.SH,market_risk,negative,"[-1,1]",-0.07668987976426514
C-AN202410231640439624,86e620a7edb222,688297.SH,market_risk,negative,"[-3,3]",0.2175380877951038
C-AN202410231640439624,86e620a7edb222,688297.SH,market_risk,negative,"[0,5]",-0.11583473427613691
C-AN202410231640439624,86e620a7edb222,688297.SH,market_risk,negative,"[0,10]",-0.07433433989827834
C-AN202412251641428816,9d6b370191699c,600038.SH,project_investment,positive,"[-1,1]",0.01354759790370659
C-AN202412251641428816,9d6b370191699c,600038.SH,project_investment,positive,"[-3,3]",0.011567096775340829
C-AN202412251641428816,9d6b370191699c,600038.SH,project_investment,positive,"[0,5]",0.0028852968743366117
C-AN202412251641428816,9d6b370191699c,600038.SH,project_investment,positive,"[0,10]",0.017085304123495182
C-AN202412251641428826,ab5ff9927c7ab8,600038.SH,project_investment,positive,"[-1,1]",0.01354759790370659
C-AN202412251641428826,ab5ff9927c7ab8,600038.SH,project_investment,positive,"[-3,3]",0.011567096775340829
C-AN202412251641428826,ab5ff9927c7ab8,600038.SH,project_investment,positive,"[0,5]",0.0028852968743366117
C-AN202412251641428826,ab5ff9927c7ab8,600038.SH,project_investment,positive,"[0,10]",0.017085304123495182
C-AN202501071641844499,8d8e853c7c1fbc,000099.SZ,government_support,positive,"[-1,1]",0.006936760225855798
C-AN202501071641844499,8d8e853c7c1fbc,000099.SZ,government_support,positive,"[-3,3]",0.037131479489008225
C-AN202501071641844499,8d8e853c7c1fbc,000099.SZ,government_support,positive,"[0,5]",0.04504098075719909
C-AN202501071641844499,8d8e853c7c1fbc,000099.SZ,government_support,positive,"[0,10]",0.055622259009370324
C-AN202502111642974030,911bfc7dfb4d37,688297.SH,project_investment,positive,"[-1,1]",-0.008254990697429177
C-AN202502111642974030,911bfc7dfb4d37,688297.SH,project_investment,positive,"[-3,3]",-0.05202761646348818
C-AN202502111642974030,911bfc7dfb4d37,688297.SH,project_investment,positive,"[0,5]",-0.009710791219277454
C-AN202502111642974030,911bfc7dfb4d37,688297.SH,project_investment,positive,"[0,10]",-0.0002272863246728738
C-AN202502271643569080,a5835219a6abf6,688297.SH,performance,mixed,"[-1,1]",0.08514936772218079
C-AN202502271643569080,a5835219a6abf6,688297.SH,performance,mixed,"[-3,3]",0.09972842498378909
C-AN202502271643569080,a5835219a6abf6,688297.SH,performance,mixed,"[0,5]",0.12931601539289558
C-AN202502271643569080,a5835219a6abf6,688297.SH,performance,mixed,"[0,10]",0.1303160762921202
C-AN202503101644243613,062948ca4b5ab8,002085.SZ,project_investment,positive,"[-1,1]",-0.04771055177294269
C-AN202503101644243613,062948ca4b5ab8,002085.SZ,project_investment,positive,"[-3,3]",-0.09172338537858128
C-AN202503101644243613,062948ca4b5ab8,002085.SZ,project_investment,positive,"[0,5]",-0.0719216906528812
C-AN202503101644243613,062948ca4b5ab8,002085.SZ,project_investment,positive,"[0,10]",-0.11514256049314896
C-AN202503201645152070,f3a68a2348846c,002085.SZ,project_investment,positive,"[-1,1]",-0.06354811869268885
C-AN202503201645152070,f3a68a2348846c,002085.SZ,project_investment,positive,"[-3,3]",-0.06796335094486819
C-AN202503201645152070,f3a68a2348846c,002085.SZ,project_investment,positive,"[0,5]",-0.03144210585998486
C-AN202503201645152070,f3a68a2348846c,002085.SZ,project_investment,positive,"[0,10]",-0.1779291726960395
C-AN202505071668920097,ae00f03744fc42,688070.SH,order_contract,positive,"[-1,1]",0.01316687655461257
C-AN202505071668920097,ae00f03744fc42,688070.SH,order_contract,positive,"[-3,3]",-0.036446741638219635
C-AN202505071668920097,ae00f03744fc42,688070.SH,order_contract,positive,"[0,5]",-0.07650206521965375
C-AN202505071668920097,ae00f03744fc42,688070.SH,order_contract,positive,"[0,10]",-0.13368715055138258
C-AN202506301700506354,6c666bc157a928,300284.SZ,project_investment,positive,"[-1,1]",0.009554452721697297
C-AN202506301700506354,6c666bc157a928,300284.SZ,project_investment,positive,"[-3,3]",0.002838299002817908
C-AN202506301700506354,6c666bc157a928,300284.SZ,project_investment,positive,"[0,5]",-0.017781533045758333
C-AN202506301700506354,6c666bc157a928,300284.SZ,project_investment,positive,"[0,10]",-0.019407540287971713
C-AN202509291752848292,b326f09cf341eb,000099.SZ,project_investment,positive,"[-1,1]",0.04044002146645611
C-AN202509291752848292,b326f09cf341eb,000099.SZ,project_investment,positive,"[-3,3]",0.025276043650177757
C-AN202509291752848292,b326f09cf341eb,000099.SZ,project_investment,positive,"[0,5]",0.0030011954393840516
C-AN202509291752848292,b326f09cf341eb,000099.SZ,project_investment,positive,"[0,10]",-0.006499760931073703
C-AN202509301753492208,601a82e7f829f9,688297.SH,order_contract,positive,"[-1,1]",0.056823139098135314
C-AN202509301753492208,601a82e7f829f9,688297.SH,order_contract,positive,"[-3,3]",0.05324938692446289
C-AN202509301753492208,601a82e7f829f9,688297.SH,order_contract,positive,"[0,5]",-0.0018695964567381172
C-AN202509301753492208,601a82e7f829f9,688297.SH,order_contract,positive,"[0,10]",-0.04570620655938547
C-AN202510101759667267,d72d428ec21ee1,000801.SZ,project_investment,positive,"[-1,1]",0.03925496146832382
C-AN202510101759667267,d72d428ec21ee1,000801.SZ,project_investment,positive,"[-3,3]",0.0043247104982902344
C-AN202510101759667267,d72d428ec21ee1,000801.SZ,project_investment,positive,"[0,5]",-0.038300318334264345
C-AN202510101759667267,d72d428ec21ee1,000801.SZ,project_investment,positive,"[0,10]",-0.04656445779890248
C-AN202511071776924857,28a2d9fa460af4,688070.SH,legal_safety_risk,negative,"[-1,1]",0.0023493842847280774
C-AN202511071776924857,28a2d9fa460af4,688070.SH,legal_safety_risk,negative,"[-3,3]",-0.052582650464092266
C-AN202511071776924857,28a2d9fa460af4,688070.SH,legal_safety_risk,negative,"[0,5]",-0.035708925871680584
C-AN202511071776924857,28a2d9fa460af4,688070.SH,legal_safety_risk,negative,"[0,10]",-0.003672840390942747
C-AN202512051794542407,fc88f1af5567e4,000801.SZ,project_investment,positive,"[-1,1]",0.02100671919574172
C-AN202512051794542407,fc88f1af5567e4,000801.SZ,project_investment,positive,"[-3,3]",-0.021185474756127677
C-AN202512051794542407,fc88f1af5567e4,000801.SZ,project_investment,positive,"[0,5]",0.06450479969305456
C-AN202512051794542407,fc88f1af5567e4,000801.SZ,project_investment,positive,"[0,10]",0.06827459579088449
C-AN202512081796392620,48883119543d13,002389.SZ,project_investment,positive,"[-1,1]",0.026757238573079066
C-AN202512081796392620,48883119543d13,002389.SZ,project_investment,positive,"[-3,3]",0.08730186866072884
C-AN202512081796392620,48883119543d13,002389.SZ,project_investment,positive,"[0,5]",0.023213486995037544
C-AN202512081796392620,48883119543d13,002389.SZ,project_investment,positive,"[0,10]",-0.01299321100354648
C-AN202512161801833360,2351312b7318bb,002389.SZ,project_investment,positive,"[-1,1]",-0.017984415510207904
C-AN202512161801833360,2351312b7318bb,002389.SZ,project_investment,positive,"[-3,3]",0.008995682855896789
C-AN202512161801833360,2351312b7318bb,002389.SZ,project_investment,positive,"[0,5]",-0.0988752642568825
C-AN202512161801833360,2351312b7318bb,002389.SZ,project_investment,positive,"[0,10]",-0.05289024101323574
C-AN202512191803914128,ae6c97e09fa64d,000801.SZ,project_investment,positive,"[-1,1]",-0.024996388347035332
C-AN202512191803914128,ae6c97e09fa64d,000801.SZ,project_investment,positive,"[-3,3]",-0.006706880129087789
C-AN202512191803914128,ae6c97e09fa64d,000801.SZ,project_investment,positive,"[0,5]",-0.02583025671611013
C-AN202512191803914128,ae6c97e09fa64d,000801.SZ,project_investment,positive,"[0,10]",-0.05148227573452215
C-AN202512301811415550,73d96b67a06abb,688070.SH,legal_safety_risk,negative,"[-1,1]",0.03306356321783208
C-AN202512301811415550,73d96b67a06abb,688070.SH,legal_safety_risk,negative,"[-3,3]",0.054807110366897956
C-AN202512301811415550,73d96b67a06abb,688070.SH,legal_safety_risk,negative,"[0,5]",0.1322491484799646
C-AN202512301811415550,73d96b67a06abb,688070.SH,legal_safety_risk,negative,"[0,10]",0.04478279521350769
C-AN202601081816849257,a9c3003141ff33,688297.SH,order_contract,positive,"[-1,1]",0.04803116265632268
C-AN202601081816849257,a9c3003141ff33,688297.SH,order_contract,positive,"[-3,3]",0.02875335204170193
C-AN202601081816849257,a9c3003141ff33,688297.SH,order_contract,positive,"[0,5]",-0.04547599690039669
C-AN202601081816849257,a9c3003141ff33,688297.SH,order_contract,positive,"[0,10]",-0.06977323546386162
C-AN202601281818512452,78efe91f9c9803,002389.SZ,project_investment,positive,"[-1,1]",-0.03346398949893121
C-AN202601281818512452,78efe91f9c9803,002389.SZ,project_investment,positive,"[-3,3]",-0.018242369724713874
C-AN202601281818512452,78efe91f9c9803,002389.SZ,project_investment,positive,"[0,5]",0.0035391508636714065
C-AN202601281818512452,78efe91f9c9803,002389.SZ,project_investment,positive,"[0,10]",0.0195558160107344
C-AN202602061819809639,24b33f629e2533,688297.SH,project_investment,positive,"[-1,1]",-0.00816468616149331
C-AN202602061819809639,24b33f629e2533,688297.SH,project_investment,positive,"[-3,3]",-0.0025476518931749704
C-AN202602061819809639,24b33f629e2533,688297.SH,project_investment,positive,"[0,5]",0.04855177742208885
C-AN202602061819809639,24b33f629e2533,688297.SH,project_investment,positive,"[0,10]",0.15599696132167684
C-AN202602261820065672,a5835219a6abf6,688297.SH,performance,mixed,"[-1,1]",0.13365763230536032
C-AN202602261820065672,a5835219a6abf6,688297.SH,performance,mixed,"[-3,3]",0.24041434792517496
C-AN202602261820065672,a5835219a6abf6,688297.SH,performance,mixed,"[0,5]",0.2358538112943923
C-AN202602261820065672,a5835219a6abf6,688297.SH,performance,mixed,"[0,10]",0.1655227621736434
C-AN202603041820269546,5fea99d4815d30,002389.SZ,market_risk,negative,"[-1,1]",-0.06980737560685984
C-AN202603041820269546,5fea99d4815d30,002389.SZ,market_risk,negative,"[-3,3]",-0.03700551982275911
C-AN202603041820269546,5fea99d4815d30,002389.SZ,market_risk,negative,"[0,5]",-0.20255027790800667
C-AN202603041820269546,5fea99d4815d30,002389.SZ,market_risk,negative,"[0,10]",-0.25084117627124536
C-AN202603041820269816,86e620a7edb222,688297.SH,market_risk,negative,"[-1,1]",-0.07506003176753201
C-AN202603041820269816,86e620a7edb222,688297.SH,market_risk,negative,"[-3,3]",-0.04916986196100258
C-AN202603041820269816,86e620a7edb222,688297.SH,market_risk,negative,"[0,5]",-0.14531221725487403
C-AN202603041820269816,86e620a7edb222,688297.SH,market_risk,negative,"[0,10]",-0.1679669876128194
C-AN202604101821124909,8d8e853c7c1fbc,000099.SZ,government_support,positive,"[-1,1]",0.031580563169009535
C-AN202604101821124909,8d8e853c7c1fbc,000099.SZ,government_support,positive,"[-3,3]",0.03622902756049163
C-AN202604101821124909,8d8e853c7c1fbc,000099.SZ,government_support,positive,"[0,5]",0.04154484018820205
C-AN202604101821124909,8d8e853c7c1fbc,000099.SZ,government_support,positive,"[0,10]",-0.0025077830011117387
C-AN202604171821304024,bba751e89aa7bc,000801.SZ,project_investment,positive,"[-1,1]",0.01677065574582945
C-AN202604171821304024,bba751e89aa7bc,000801.SZ,project_investment,positive,"[-3,3]",-0.014713952920229775
C-AN202604171821304024,bba751e89aa7bc,000801.SZ,project_investment,positive,"[0,5]",-0.03851179831639826
C-AN202604171821304024,bba751e89aa7bc,000801.SZ,project_investment,positive,"[0,10]",-0.10045120455188061
C-AN202606041823246959,840e7a25e459ad,000099.SZ,project_investment,positive,"[-1,1]",0.11415856788310298
C-AN202606041823246959,840e7a25e459ad,000099.SZ,project_investment,positive,"[-3,3]",0.05390605812060103
C-AN202606041823246959,840e7a25e459ad,000099.SZ,project_investment,positive,"[0,5]",0.11202514355457768
C-AN202606041823246840,ae00f03744fc42,688070.SH,order_contract,positive,"[-1,1]",0.014830187055533756
C-AN202606041823246840,ae00f03744fc42,688070.SH,order_contract,positive,"[-3,3]",-0.04392680590111216
C-AN202606041823246840,ae00f03744fc42,688070.SH,order_contract,positive,"[0,5]",-0.04947329500562493
